{
  "project_info": {
    "project_number": "574457836661",
    "firebase_url": "https://ihelp-4211f.firebaseio.com",
    "project_id": "ihelp-4211f",
    "storage_bucket": "ihelp-4211f.appspot.com"
  },
  "client": [
    {
      "client_info": {
        "mobilesdk_app_id": "1:574457836661:android:e7bf086fbff076b3bf743c",
        "android_client_info": {
          "package_name": "com.allandroidprojects.ecomsample"
        }
      },
      "oauth_client": [
        {
          "client_id": "574457836661-he3259q7ipjrv57pq5ivh2lltl8rmv11.apps.googleusercontent.com",
          "client_type": 3
        }
      ],
      "api_key": [
        {
          "current_key": "AIzaSyBIY87kN8qkRvPxtmRKTX5l1ieMgFpBXhc"
        }
      ],
      "services": {
        "appinvite_service": {
          "other_platform_oauth_client": [
            {
              "client_id": "574457836661-he3259q7ipjrv57pq5ivh2lltl8rmv11.apps.googleusercontent.com",
              "client_type": 3
            }
          ]
        }
      }
    }
  ],
  "configuration_version": "1"
}